Date,close,volume,triangle_detected,triangle_upper,triangle_lower,apex_distance,compression_pct,breakout_pressure,channel_detected,channel_upper,channel_lower,channel_width,rectangle_detected,rectangle_upper,rectangle_lower,rectangle_width,flag_detected,pennant_detected,flag_quality,pole_length,retracement_depth,volume_decay,wedge_detected,cup_detected,handle_detected,rounding_top_detected,rounding_bottom_detected,neckline,hs_detected,ihs_detected,hs_neckline_slope,hs_breakout_confirmed,double_top_detected,double_bottom_detected,triple_top_detected,triple_bottom_detected,resistance_strength,volume_confirmation,support_strength,pattern_confidence,trend_strength,breakout_strength,swing_low,swing_high,triangle_type,channel_type,wedge_type,pattern_family,market_phase,market_regime
2026-01-23,901.1947021484375,30985247,,,,,,,,,,,,,,,,,,,,,,,,,,,,,,,,,,,,,,,,,,,None,None,None,None,Neutral,Neutral
2026-01-27,911.3272094726562,44753093,,,,,,,,,,,,,,,,,,,,,,,,,,,,,,,,,,,,,,,,,,,None,None,None,None,Neutral,Neutral
2026-01-28,917.524658203125,35347138,,,,,,,,,,,,,,,,,,,,,,,,,,,,,,,,,,,,,,,,,,,None,None,None,None,Neutral,Neutral
2026-01-29,920.2791137695312,37175628,,,,,,,,,,,,,,,,,,,,,,,,,,,,,,,,,,,,,,,,,,,None,None,None,None,Neutral,Neutral
2026-01-30,914.1307983398438,29691233,,,,,,,,,,,,,,,,,,,,,,,,,,,,,,,,,,,,,,,,,,,None,None,None,None,Neutral,Neutral
2026-02-02,912.9994506835938,28032106,,,,,,,,,,,,,,,,,,,,,,,,,,,,,,,,,,,,,,,,,,,None,None,None,None,Neutral,Neutral
2026-02-03,933.2643432617188,50336968,,,,,,,,,,,,,,,,,,,,,,,,,,,,,,,,,,,,,,,,,,,None,None,None,None,Neutral,Neutral
2026-02-04,937.5927124023438,24366770,,,,,,,,,,,,,,,,,,,,,,,,,,,,,,,,,,,,,,,,,,,None,None,None,None,Neutral,Neutral
2026-02-05,934.248046875,28103169,,,,,,,,,,,,,,,,,,,,,,,,,,,,,,,,,,,,,,,,,894.5053455447564,,None,None,None,None,Neutral,Neutral
2026-02-06,925.7879638671875,18120272,,,,,,,,,,,,,,,,,,,,,,,,,,,,,,,,,,,,,,,,,894.5053455447564,977.8272849855383,None,None,None,None,Neutral,Neutral
2026-02-09,922.0006103515625,23947829,,,,,,,,,,,,,,,,,,,,,,,,,,,,,,,,,,,,,,,,,894.5053455447564,977.8272849855383,None,None,None,None,Neutral,Neutral
2026-02-10,917.2295532226562,31525385,,,,,,,,,,,,,,,,,,,,,,,,,,,,,,,,,,,,,,,,,894.5053455447564,977.8272849855383,None,None,None,None,Neutral,Neutral
2026-02-11,912.0157470703125,24869804,,,,,,,,,,,,,,,,,,,,,,,,,,,,,,,,,,,,,,,,,894.5053455447564,977.8272849855383,None,None,None,None,Neutral,Neutral
2026-02-12,905.6215209960938,33872203,,,,,,,,,,,,,,,,,,,,,,,,,,,,,,,,,,,,,,,,,894.5053455447564,977.8272849855383,None,None,None,None,Neutral,Neutral
2026-02-13,889.1932373046875,50188359,,,,,,,,,,,,,,,,,,,,,,,,,,,,,,,,,,,,,,,,,894.5053455447564,977.8272849855383,None,None,None,None,Neutral,Neutral
2026-02-16,910.7368774414062,18806989,,,,,,,,,,,,,,,,,,,,,,,,,,,,,,,,,,,,,,,,,894.5053455447564,977.8272849855383,None,None,None,None,Neutral,Neutral
2026-02-17,910.6385498046875,22599629,,,,,,,,,,,,,,,,,,,,,,,,,,,,,,,,,,,,,,,,,894.5053455447564,977.8272849855383,None,None,None,None,Neutral,Neutral
2026-02-18,909.6548461914062,12738702,,,,,,,,,,,,,,,,,,,,,,,,,,,,,,,,1.0,,,,,85.0,,,,886.3403973585059,977.8272849855383,None,None,None,Reversal,Neutral,Neutral
2026-02-19,900.702880859375,21209234,,,,,,,,,,,,,,,,,,,,,,,,,,,,,,,,,,,,,,,,,886.3403973585059,977.8272849855383,None,None,None,None,Neutral,Neutral
2026-02-20,897.0138549804688,22654907,,,,,,,,,,,,,,,,,,,,,,,,,,,,,,,,,,,,,,,,,886.3403973585059,977.8272849855383,None,None,None,None,Neutral,Neutral
2026-02-23,908.5726928710938,23270122,,,,,,,,,,,,,,,,,,,,,,,,,,,,,,,,,,,,,,,,,886.3403973585059,977.8272849855383,None,None,None,None,Neutral,Neutral
2026-02-24,895.6858520507812,31313985,,,,,,,,,,,,,,,,,,,,,,,,,,,,,,,,,,,,,,,,,886.3403973585059,977.8272849855383,None,None,None,None,Neutral,Neutral
2026-02-25,892.8330078125,27884303,,,,,,,,,,,,,,,,,,,,,,,,,,,,,,,,,,,,,,,,,886.3403973585059,977.8272849855383,None,None,None,None,Neutral,Neutral
2026-02-26,883.9794311523438,41165937,,,,,,,,,,,,,,,,,,,,,,,,,,,,,,,,,,,,,,,,,886.3403973585059,977.8272849855383,None,None,None,None,Neutral,Neutral
2026-02-27,873.3060302734375,34620755,,,,,,,,,,,,,,,,,,,,,,,,,,,,,,,,,,,,,,,,,886.3403973585059,977.8272849855383,None,None,None,None,Neutral,Neutral
2026-03-02,865.0918579101562,38378924,,,,,,,,,,,,,,,,,,,,,,,,,,,,,,,,,,,,,,,,,886.3403973585059,977.8272849855383,None,None,None,None,Neutral,Neutral
2026-03-04,854.5167846679688,39862322,,,,,,,,,,,,,,,,,,,,,,,,,,,,,,,,,,,,,,,,,886.3403973585059,977.8272849855383,None,None,None,None,Neutral,Neutral
2026-03-05,863.4686889648438,31324582,,,,,,,,,,,,,,,,,,,,,,,,,,,,,,,,,,,,,,,,,886.3403973585059,977.8272849855383,None,None,None,None,Neutral,Neutral
2026-03-06,843.10546875,34439647,,,,,,,,,,,,,,,,,,,,,,,,,,,,,,,,,,,,,,,,,886.3403973585059,977.8272849855383,None,None,None,None,Neutral,Neutral
2026-03-09,827.0215454101562,35592613,,,,,,,,,,,,,,,,,,,,,,,,,,,,,,,,,,,,,,,,,886.3403973585059,977.8272849855383,None,None,None,None,Neutral,Neutral
2026-03-10,835.629150390625,52866024,,,,,,,,,,,,,,,,,,,,,,,,,,,,,,,,,,,,,,,,,886.3403973585059,977.8272849855383,None,None,None,None,Neutral,Neutral
2026-03-11,820.38134765625,42261076,,,,,,,,,,,,,,,,,,,,,,,,,,,,,,,,,,,,,,,,,886.3403973585059,977.8272849855383,None,None,None,None,Neutral,Neutral
2026-03-12,819.2008666992188,46107561,,,,,,,,,,,,,,,,,,,,,,,,,,,,,,,,,,,,,,,,,886.3403973585059,977.8272849855383,None,None,None,None,Neutral,Neutral
2026-03-13,803.7071533203125,41700464,,,,,,,,,,,,,,,,,,,,,,,,,,,,,,,,,,,,,,,,,886.3403973585059,977.8272849855383,None,None,None,None,Neutral,Neutral
2026-03-16,826.9231567382812,52182605,,,,,,,,,,,,,,,,,,,,,,,,,,,,,,,,,,,,,,,,,886.3403973585059,977.8272849855383,None,None,None,None,Neutral,Neutral
2026-03-17,831.5958251953125,38826979,,,,,,,,,,,,,,,,,,,,,,,,,,,,,,,,,,,,,,,,,886.3403973585059,977.8272849855383,None,None,None,None,Neutral,Neutral
2026-03-18,829.333251953125,23507063,,,,,,,,,,,,,,,,,,,,,,,,,,,,,,,,,,,,,,,,,798.7885048911796,977.8272849855383,None,None,None,None,Neutral,Neutral
2026-03-19,785.2130126953125,171637393,,,,,,,,,,,,,,,,,,,,,,,,,,,,,,,,,,,,,,,,,798.7885048911796,977.8272849855383,None,None,None,None,Neutral,Neutral
2026-03-20,767.7518310546875,103129469,,,,,,,,,,,,,,,,,,,,,,,,,,,,,,,,,,,,,,,,,798.7885048911796,835.0881134427475,None,None,None,None,Neutral,Neutral
2026-03-23,732.04248046875,72341738,,,,,,,,,,,,,,,,,,,,,,,,,,,,,,,,,,,,,,,,,798.7885048911796,835.0881134427475,None,None,None,None,Neutral,Neutral
2026-03-24,752.454833984375,61269986,,,,,,,,,,,,,,,,,,,,,,,,,,,,,,,,,,,,,,,,,798.7885048911796,835.0881134427475,None,None,None,None,Neutral,Neutral
2026-03-25,769.5717163085938,59230640,,,,,,,,,,,,,,,,,,,,,,,,,,,,,,,,,,,,,,,,,798.7885048911796,835.0881134427475,None,None,None,None,Neutral,Neutral
2026-03-27,743.8963623046875,65485199,,,,,,,,,,,,,,,,,,,,,,,,,,,,,,,,,,,,,,,,,728.9928823726722,835.0881134427475,None,None,None,None,Neutral,Neutral
2026-03-30,719.6473999023438,103500135,,,,,,,,,,,,,,,,,,,,,,,,,,,,,,,,,,,,,,,,,728.9928823726722,835.0881134427475,None,None,None,None,Neutral,Neutral
2026-04-01,730.17333984375,78862761,,775.1933908157239,714.4484265553783,0.0,0.0,25.886776755644476,,,,,,,,,,,,,,,1.0,,,,,,,,,,,,,,,,,85.0,,,728.9928823726722,781.8683373030494,None,None,Falling,Continuation,Compression,Neutral
2026-04-02,738.6826171875,49310300,,,,,,,,,,,,,,,,,,,,,,,,,,,,,,,,,,,,,,,,,728.9928823726722,781.8683373030494,None,None,None,None,Neutral,Neutral
2026-04-06,758.45556640625,42976659,,764.4252482843574,681.2069031598592,0.0,,92.82648330824593,,,,,,,,,,,,,,,1.0,,,,,,,,,,,,,,,,,85.0,,,714.8271607333363,781.8683373030494,None,None,Falling,Continuation,Compression,Neutral
2026-04-07,759.4392700195312,51309793,,,,,,,,,,,,,,,,,,,,,,,,,,,,,,,,,,,,,,,,,714.8271607333363,781.8683373030494,None,None,None,None,Neutral,Neutral
2026-04-08,802.82177734375,70269512,,,,,,,,,,,,,,,,,,,,,,,,,,,,,,,,,,,,,,,,,714.8271607333363,781.8683373030494,None,None,None,None,Neutral,Neutral
2026-04-09,784.72119140625,48879392,,,,,,,,,,,,,,,,,,,,,,,,,,,,,,,,,,,,,,,,,714.8271607333363,781.8683373030494,None,None,None,None,Neutral,Neutral
2026-04-10,797.1161499023438,38156026,,,,,,,,,,,,,,,,,,,,,,,,,,,,,,,,,,,,,,,,,714.8271607333363,781.8683373030494,None,None,None,None,Neutral,Neutral
2026-04-13,781.7699584960938,47549328,,,,,,,,,,,,,,,,,,,,,,,,,,,,,,,,,,,,,,,,,714.8271607333363,781.8683373030494,None,None,None,None,Neutral,Neutral
2026-04-15,796.72265625,39769515,,,,,,,,,,,,,,,,,,,,,,,,,,,,,,,,,,,,,,,,,714.8271607333363,805.674621946626,None,None,None,None,Neutral,Neutral
2026-04-16,782.5077514648438,62861293,,,,,,,,,,,,,,,1.0,,25.931233723806002,62.8603515625,49.53060485661744,0.74068766276194,,,,,,,,,,,,,,,,,,90.0,,,714.8271607333363,805.674621946626,None,None,None,Continuation,Neutral,Neutral
2026-04-17,786.8853759765625,37282544,,,,,,,,,,,,,,,,,,,,,,,,,,,,,,,,,,,,,,,,,774.5395096022282,805.674621946626,None,None,None,None,Neutral,Neutral
2026-04-20,782.5077514648438,52148044,,,,,,,,,,,,,,,,,,,,,,,,,,,,,,,,,,,,,,,,,774.5395096022282,805.674621946626,None,None,None,None,Neutral,Neutral
2026-04-21,798.5425415039062,49135752,,816.411282376085,789.8487796083948,12.52779233378439,57.57287848624355,32.72945313754953,,,,,,,,,,,,,,,1.0,,,,,,,,,,1.0,,,,85.0,,,85.0,,,774.5395096022282,806.7074765090769,None,None,Rising,Reversal,Compression,Neutral
2026-04-22,786.8853759765625,23876412,,,,,,,,,,,,,,,,,,,,,,,,,,,,,,,,,,,,,,,,,774.5395096022282,806.7074765090769,None,None,None,None,Neutral,Neutral
2026-04-23,771.5883178710938,37677616,,,,,,,,,,,,,,,,,,,,,,,,,,,,,,,,,,,,,,,,,774.5395096022282,806.7074765090769,None,None,None,None,Neutral,Neutral
2026-04-24,772.0802001953125,27720358,,,,,,,,,,,,,,,,,,,,,,,,,,,,,,,,,,,,,,,,,774.5395096022282,806.7074765090769,None,None,None,None,Neutral,Neutral
2026-04-27,776.9496459960938,18115375,,,,,,,,,,,,,,,,,,,,,,,,,,,,,,,,,,,,,,,,,774.5395096022282,806.7074765090769,None,None,None,None,Neutral,Neutral
2026-04-28,769.817626953125,35366803,,,,,,,,,,,,,,,,,,,,,,,,,,,,,,,,,,,,,,,,,774.5395096022282,806.7074765090769,None,None,None,None,Neutral,Neutral
2026-04-29,766.3253784179688,25799963,,,,,,,,,,,,,,,,,,,,,,,,,,,,,,,,1.0,,,,,85.0,,,,764.3579463755373,806.7074765090769,None,None,None,Reversal,Neutral,Neutral
2026-04-30,759.1441650390625,47998755,,,,,,,,,,,,,,,,,,,,,,,,,,,,,,,,,,,,,,,,,764.3579463755373,806.7074765090769,None,None,None,None,Neutral,Neutral
2026-05-01,759.1441650390625,0,,,,,,,,,,,,,,,,,,,,,,,,,,,,,,,,,,,,,,,,,764.3579463755373,806.7074765090769,None,None,None,None,Neutral,Neutral
2026-05-04,766.7189331054688,29028060,,,,,,,,,,,,,,,,,,,,,,,,,,,,,,,,,,,,,,,,,764.3579463755373,806.7074765090769,None,None,None,None,Neutral,Neutral
2026-05-05,759.734375,38887657,,838.4046469238862,746.7026258973875,,,,,,,,,,,,,,,,,,,,,,,,,,,,,,,,,,,,,,749.847908057028,806.7074765090769,None,None,None,None,Neutral,Neutral
2026-05-06,783.58984375,35530831,,,,,,,,,,,,,,,,,,,,,,,,,1.0,,,,,,,,,,,,,,,,749.847908057028,806.7074765090769,None,None,None,None,Neutral,Neutral
2026-05-07,783.0979614257812,46137553,,,,,,,,,,,,,,,,,,,,,,,,,,,,,,,,,,,,,,,,,749.847908057028,806.7074765090769,None,None,None,None,Neutral,Neutral
2026-05-08,768.145263671875,38016841,,,,,,,,,,,,,,,,,,,,,,,,,,,,,,,,,,,,,,,,,749.847908057028,806.7074765090769,None,None,None,None,Neutral,Neutral
2026-05-11,751.2251586914062,41123422,,,,,,,,,,,,,,,,,,,,,,,,,,,,,,,,,,,,,,,,,749.847908057028,806.7074765090769,None,None,None,None,Neutral,Neutral
2026-05-12,738.2399291992188,43937132,,786.1299429346072,736.9751286288614,0.0,0.0,2.5730960196293644,,,,,,,,,,,,,,,1.0,,,,,720.827831430892,1.0,,-3.6275095787204372,0.0,,,,,,,,85.0,,,749.847908057028,788.5084744009563,None,None,Falling,Reversal,Compression,Neutral
2026-05-13,737.4037475585938,28960919,,,,,,,,,,,,,,,,,,,,,,,,,,,,,,,,,,,,,,,,,749.847908057028,788.5084744009563,None,None,None,None,Neutral,Neutral
2026-05-14,757.0291748046875,50992358,,,,,,,,,,,,,,,,,,,,,,,,,,,,,,,,,,,,,,,,,749.847908057028,788.5084744009563,None,None,None,None,Neutral,Neutral
2026-05-15,755.0125122070312,24347873,,,,,,,,,,,,,,,,,,,,,,,,,,,,,,,,,,,,,,,,,749.847908057028,788.5084744009563,None,None,None,None,Neutral,Neutral
2026-05-18,756.143798828125,29812079,,,,,,,,,,,,,,,,,,,,,,,,,,,,,,,,,,,,,,,,,749.847908057028,788.5084744009563,None,None,None,None,Neutral,Neutral
2026-05-19,750.044677734375,40307830,,781.1879959517191,727.7818326693043,0.0,0.0,41.685909821575265,,,,,,,,,,,,,,,1.0,,,,,,,,,,,,,,,,,85.0,,,734.846082190099,788.5084744009563,None,None,Falling,Continuation,Compression,Neutral
2026-05-20,747.1427001953125,24013451,,768.0103670284698,725.7907284688574,0.0,0.0,50.57355404951417,,,,,,,,,,,,,,,1.0,,,,,,,,,,,,,,,,,85.0,,,734.846082190099,769.1782432932904,None,None,Falling,Continuation,Compression,Neutral
2026-05-21,746.7984008789062,34664725,,,,,,,,,,,,,,,,,,,,,,,,,,,,,,,,,,,,,,,,,734.846082190099,769.1782432932904,None,None,None,None,Neutral,Neutral
2026-05-22,754.3239135742188,25604071,,,,,,,,,,,,,,,,,,,,,,,,,,,,,,,,,,,,,,,,,734.846082190099,769.1782432932904,None,None,None,None,Neutral,Neutral
2026-05-25,774.0476684570312,26043952,,,,,,,,,,,,,,,,,,,,,,,,,,,,,,,,,,,,,,,,,734.846082190099,769.1782432932904,None,None,None,None,Neutral,Neutral
2026-05-26,766.22705078125,31528062,,,,,,,,,,,,,,,,,,,,,,,,,,,,,,,,,,,,,,,,,734.846082190099,769.1782432932904,None,None,None,None,Neutral,Neutral
2026-05-27,746.3065185546875,63680153,,,,,,,,,,,,,,,,,,,,,,,,,,,,,,,,,,,,,,,,,734.846082190099,769.1782432932904,None,None,None,None,Neutral,Neutral
2026-05-28,746.3065185546875,0,,,,,,,,,,,,,,,,,,,,,,,,,,,,,,,,,,,,,,,,,734.846082190099,769.1782432932904,None,None,None,None,Neutral,Neutral
2026-05-29,732.4359130859375,101299431,,,,,,,,,,,,,,,,,,,,,,,,,,,,,,,1.0,,1.0,,95.0,,,,,,734.846082190099,777.9825721015808,None,None,None,Reversal,Neutral,Neutral
2026-06-01,730.6160278320312,47996441,,,,,,,,,,,,,,,,,,,,,,,,,,,,,,,,,,,,,,,,,734.846082190099,777.9825721015808,None,None,None,None,Neutral,Neutral
2026-06-02,736.0757446289062,47314447,,,,,,,,,,,,,,,,,,,,,,,,,,,,,,,,,,,,,,,,,734.846082190099,777.9825721015808,None,None,None,None,Neutral,Neutral
2026-06-03,741.3878784179688,36109480,,,,,,,,,,,,,,,,,,,,,,,,,,,,,,,,,,,,,,,,,734.846082190099,777.9825721015808,None,None,None,None,Neutral,Neutral
2026-06-04,741.9288940429688,42673538,,,,,,,,,,,,,,,,,,,,,,,,,1.0,,,,,,,,,,,,,,,,734.846082190099,777.9825721015808,None,None,None,None,Neutral,Neutral
2026-06-05,734.8952026367188,22116568,,,,,,,,,,,,,,,,,,,,,,,,,1.0,,,,,,,,,,,,,,,,721.2214502442791,777.9825721015808,None,None,None,None,Neutral,Neutral
2026-06-08,726.6319580078125,21550700,,,,,,,,,,,,,,,,,,,,,,,,,1.0,,,,,,,,,,,,,,,,721.2214502442791,777.9825721015808,None,None,None,None,Neutral,Neutral
2026-06-09,726.3367919921875,38539563,,,,,,,,,,,,,,,,,,,,,,,,,1.0,,,,,,,,,,,,,,,,721.2214502442791,777.9825721015808,None,None,None,None,Neutral,Neutral
2026-06-10,734.698486328125,44458159,,,,,,,,,,,,,,,,,,,,,,,,,,,,,,,,,,,,,,,,,721.2214502442791,746.355676758121,None,None,None,None,Neutral,Neutral
2026-06-11,732.485107421875,32632007,,,,,,,,,,,,,,,,,,,,,,,,,,,,,,,,,,,,,,,,,721.2214502442791,746.355676758121,None,None,None,None,Neutral,Neutral
2026-06-12,759.8819580078125,36088159,,,,,,,,,,,,,,,,,,,,,,,,,,,,,,,,1.0,,,,,85.0,,,,720.3852393810432,746.355676758121,None,None,None,Reversal,Neutral,Neutral
2026-06-15,764.7022094726562,39990334,,,,,,,,,,,,,,,,,,,,,,,,,,,,,,,,,,,,,,,,,720.3852393810432,746.355676758121,None,None,None,None,Neutral,Neutral
2026-06-16,772.1294555664062,27820970,,,,,,,,,,,,,,,,,,,,,,,,,1.0,,,,,,,,,,,,,,,,720.3852393810432,746.355676758121,None,None,None,None,Neutral,Neutral
2026-06-17,774.2935791015625,32405604,,,,,,,,,,,,,,,,,,,,,,,,,1.0,,,,,,,,,,,,,,,,720.3852393810432,746.355676758121,None,None,None,None,Neutral,Neutral
2026-06-18,786.0,41492071,,,,,,,,,,,,,,,,,,,,,,,,,1.0,,,,,,,,,,,,,,,,720.3852393810432,746.355676758121,None,None,None,None,Neutral,Neutral
2026-06-19,779.7999877929688,33798761,,,,,,,,,,,,,,,,,,,,,,,,,1.0,,,,,,,,,,,,,,,,720.3852393810432,746.355676758121,None,None,None,None,Neutral,Neutral
2026-06-22,786.4000244140625,25194765,,,,,,,,,,,,,,,,,,,,,,,,,1.0,,,,,,,,,,,,,,,,720.3852393810432,746.355676758121,None,None,None,None,Neutral,Neutral
2026-06-23,774.6500244140625,28289062,,,,,,,,,,,,,,,,,,,,,,,,,1.0,,,,,,,,,,,,,,,,720.3852393810432,746.355676758121,None,None,None,None,Neutral,Neutral
2026-06-24,793.2000122070312,34701292,,,,,,,,,,,,,,,,,,,,,,,,,1.0,,,,,,,,,,,,,,,,720.3852393810432,746.355676758121,None,None,None,None,Neutral,Neutral
2026-06-25,796.2999877929688,46707966,,,,,,,,,,,,,,,,,,,,,,,,,1.0,,,,,,,,,,,,,,,,720.3852393810432,746.355676758121,None,None,None,None,Neutral,Neutral
2026-06-26,796.2999877929688,0,,,,,,,,,,,,,,,,,,,,,,,,,1.0,,,,,,,,,,,,,,,,772.5499877929688,746.355676758121,None,None,None,None,Neutral,Neutral
2026-06-29,798.9000244140625,46695977,,,,,,,,,,,,,,,,,,,,,,,,,1.0,,,,,,,,,,,,,,,,772.5499877929688,746.355676758121,None,None,None,None,Neutral,Neutral
2026-06-30,797.9500122070312,45778356,,,,,,,,,,,,,,,,,,,,,,,,,1.0,,,,,,,,,,,,,,,,772.5499877929688,746.355676758121,None,None,None,None,Neutral,Neutral
2026-07-01,796.1500244140625,26094378,,,,,,,,,,,,,,,,,,,,,,,,,1.0,,,,,,,,,,,,,,,,772.5499877929688,746.355676758121,None,None,None,None,Neutral,Neutral
2026-07-02,795.9000244140625,34143823,,,,,,,,,,,,,,,,,,,,,,,,,1.0,,,,,,,,,,,,,,,,772.5499877929688,746.355676758121,None,None,None,None,Neutral,Neutral
2026-07-03,801.0499877929688,25871958,,,,,,,,,,,,,,,,,,,,,,,,,1.0,,,,,,,,,,,,,,,,792.75,746.355676758121,None,None,None,None,Neutral,Neutral
2026-07-06,829.8499755859375,63203327,,,,,,,,,,,,,,,,,,,,,,,,,1.0,,,,,,,,,,,,,,,,792.75,746.355676758121,None,None,None,None,Neutral,Neutral
2026-07-07,829.2999877929688,57611729,,,,,,,,,,,,,,,,,,,,,,,,,,,,,,,,,,,,,,,,,792.75,746.355676758121,None,None,None,None,Neutral,Neutral
2026-07-08,810.2999877929688,38754632,,,,,,,,,,,,,,,,,,,,,,,,,,,,,,,,,,,,,,,,,792.75,746.355676758121,None,None,None,None,Neutral,Neutral
2026-07-09,817.5499877929688,39891798,,,,,,,,,,,,,,,,,,,,,,,,,,,,,,,,,,,,,,,,,792.75,746.355676758121,None,None,None,None,Neutral,Neutral
2026-07-10,824.9500122070312,23595785,,,,,,,,,,,,,,,,,,,,,,,,,,,,,,,,,,,,,,,,,792.75,843.0,None,None,None,None,Neutral,Neutral
2026-07-13,817.9500122070312,21741736,,,,,,,,,,,,,,,,,,,,,,,,,,,,,,,,,,,,,,,,,792.75,843.0,None,None,None,None,Neutral,Neutral
2026-07-14,809.4000244140625,25605395,,,,,,,,,,,,,,,,,,,,,,,,,,,,,,,,,,,,,,,,,792.75,843.0,None,None,None,None,Neutral,Neutral
2026-07-15,815.4500122070312,21488739,,,,,,,,,,,,,,,,,,,,,,,,,,,,,,,,,,,,,,,,,792.75,843.0,None,None,None,None,Neutral,Neutral
2026-07-16,808.2999877929688,18698186,,,,,,,,,,,,,,,,,,,,,,,,,,,,,,,,,,,,,,,,,792.75,843.0,None,None,None,None,Neutral,Neutral
2026-07-17,819.5999755859375,17415322,,,,,,,,,,,,,,,,,,,,,,,,,,,,,,,,,,,,,,,,,792.75,843.0,None,None,None,None,Neutral,Neutral
2026-07-20,777.5999755859375,56061789,,,,,,,,,,,,,,,,,,,,,,,,,,,,,,,,,,,,,,,,,792.75,843.0,None,None,None,None,Neutral,Neutral
2026-07-21,761.4500122070312,42246009,,,,,,,,,,,,,,,,,,,,,,,,,,,,,,,,,,,,,,,,,792.75,843.0,None,None,None,None,Neutral,Neutral
2026-07-22,753.1500244140625,23385446,,,,,,,,,,,,,,,,,,,,,,,,,,,,,,,,,,,,,,,,,792.75,823.7000122070312,None,None,None,None,Neutral,Neutral
2026-07-23,747.25,32527278,,,,,,,,,,,,,,,,,,,,,,,,,,,,,,,,,,,,,,,,,792.75,823.7000122070312,None,None,None,None,Neutral,Neutral
